{"cameraMode":{"drawMode":0,"name":"Shaded","section":"Shading Mode"},"sceneLighting":false,"audioPlay":false,"sceneViewState":{"m_AlwaysRefresh":false,"showFog":true,"showSkybox":false,"showFlares":true,"showImageEffects":true,"showParticleSystems":true,"showVisualEffectGraphs":true,"m_FxEnabled":true},"in2DMode":false,"pivot":{"x":1.1000003814697266,"y":1.6449999809265137,"z":-0.2599983215332031},"rotation":{"x":-0.04407186061143875,"y":0.9558845162391663,"z":-0.20647123456001283,"w":-0.20436224341392518},"size":4.081547260284424,"orthographic":false}